[
  {
    "id": "84f22d57-dcfc-44f2-a8e9-453edac2c451",
    "data": [
      {
        "text": "comprar",
        "userDefined": false
      }
    ],
    "isTemplate": false,
    "count": 0,
    "lang": "pt-br",
    "updated": 0
  },
  {
    "id": "2c71a50d-2116-470b-82f6-f7599800f818",
    "data": [
      {
        "text": "maquinas",
        "userDefined": false
      }
    ],
    "isTemplate": false,
    "count": 0,
    "lang": "pt-br",
    "updated": 0
  },
  {
    "id": "a472fb5c-b787-46c9-939e-72e6f2ca45d9",
    "data": [
      {
        "text": "quais os planos de maquininhas",
        "userDefined": false
      }
    ],
    "isTemplate": false,
    "count": 0,
    "lang": "pt-br",
    "updated": 0
  },
  {
    "id": "ee7e8860-28eb-4f1f-92ed-fe26739e39f1",
    "data": [
      {
        "text": "gostaria de conhecer os planos disponiveis",
        "userDefined": false
      }
    ],
    "isTemplate": false,
    "count": 0,
    "lang": "pt-br",
    "updated": 0
  },
  {
    "id": "d2ea41cd-fa35-4346-a964-9df492167c8b",
    "data": [
      {
        "text": "gostaria de conhecer os maquininhas",
        "userDefined": false
      }
    ],
    "isTemplate": false,
    "count": 0,
    "lang": "pt-br",
    "updated": 0
  },
  {
    "id": "160c218b-044a-43dd-9ef3-b0008161d37a",
    "data": [
      {
        "text": "planos",
        "userDefined": false
      }
    ],
    "isTemplate": false,
    "count": 0,
    "lang": "pt-br",
    "updated": 0
  },
  {
    "id": "8ac4a203-a8be-40ef-8705-1fa7c94a9aa8",
    "data": [
      {
        "text": "achar os produtos",
        "userDefined": false
      }
    ],
    "isTemplate": false,
    "count": 0,
    "lang": "pt-br",
    "updated": 0
  },
  {
    "id": "2630c01e-292c-4d0f-b273-a831928a21a3",
    "data": [
      {
        "text": "achar o que procuro",
        "userDefined": false
      }
    ],
    "isTemplate": false,
    "count": 0,
    "lang": "pt-br",
    "updated": 0
  },
  {
    "id": "0e3c4c10-e971-4d15-9bbb-5723a4b6f388",
    "data": [
      {
        "text": "em qual lugar esta os produtos",
        "userDefined": false
      }
    ],
    "isTemplate": false,
    "count": 0,
    "lang": "pt-br",
    "updated": 0
  },
  {
    "id": "dd49560c-f439-41dc-8fbd-2774af3b9a24",
    "data": [
      {
        "text": "como faco para adquirir",
        "userDefined": false
      }
    ],
    "isTemplate": false,
    "count": 0,
    "lang": "pt-br",
    "updated": 0
  },
  {
    "id": "b22ca610-8a32-41e7-86cb-3c1e7c58aaff",
    "data": [
      {
        "text": "onde tem para comprar",
        "userDefined": false
      }
    ],
    "isTemplate": false,
    "count": 0,
    "lang": "pt-br",
    "updated": 0
  },
  {
    "id": "73938e0e-976a-479c-994f-4637ee4dce2e",
    "data": [
      {
        "text": "como faco para encontrar",
        "userDefined": false
      }
    ],
    "isTemplate": false,
    "count": 0,
    "lang": "pt-br",
    "updated": 0
  },
  {
    "id": "1f103114-6578-4aed-a6d1-2a3e7a2ac266",
    "data": [
      {
        "text": "como faco para comprar",
        "userDefined": false
      }
    ],
    "isTemplate": false,
    "count": 0,
    "lang": "pt-br",
    "updated": 0
  }
]