[
  {
    "id": "af381143-8a84-4028-9cab-bdeae0c869e3",
    "data": [
      {
        "text": "so isso muito obrigado",
        "userDefined": false
      }
    ],
    "isTemplate": false,
    "count": 0,
    "lang": "pt-br",
    "updated": 0
  },
  {
    "id": "0a9b7b46-ec63-4f0f-992b-4e257746f40b",
    "data": [
      {
        "text": "por enquanto so isso",
        "userDefined": false
      }
    ],
    "isTemplate": false,
    "count": 0,
    "lang": "pt-br",
    "updated": 0
  },
  {
    "id": "35719eea-0740-4c13-a252-118d114919e8",
    "data": [
      {
        "text": "por enquanto nao",
        "userDefined": false
      }
    ],
    "isTemplate": false,
    "count": 0,
    "lang": "pt-br",
    "updated": 0
  },
  {
    "id": "465fe624-ccd4-4c7b-a239-790660824876",
    "data": [
      {
        "text": "nada mais",
        "userDefined": false
      }
    ],
    "isTemplate": false,
    "count": 0,
    "lang": "pt-br",
    "updated": 0
  },
  {
    "id": "022021a4-1be2-4a6b-9579-aea0f618127b",
    "data": [
      {
        "text": "so isso mesmo",
        "userDefined": false
      }
    ],
    "isTemplate": false,
    "count": 0,
    "lang": "pt-br",
    "updated": 0
  },
  {
    "id": "51255ae7-6b72-4765-8b24-0d063be677a4",
    "data": [
      {
        "text": "era so isso mesmo",
        "userDefined": false
      }
    ],
    "isTemplate": false,
    "count": 0,
    "lang": "pt-br",
    "updated": 0
  },
  {
    "id": "1be237a0-5069-4faa-be51-1ae2e0cc9f40",
    "data": [
      {
        "text": "pode finalizar atendimento",
        "userDefined": false
      }
    ],
    "isTemplate": false,
    "count": 0,
    "lang": "pt-br",
    "updated": 0
  },
  {
    "id": "f29c50be-ce17-4feb-8eb5-277021227f1e",
    "data": [
      {
        "text": "encerrar",
        "userDefined": false
      }
    ],
    "isTemplate": false,
    "count": 0,
    "lang": "pt-br",
    "updated": 0
  },
  {
    "id": "16791503-4977-4738-a0a4-39508463f2f7",
    "data": [
      {
        "text": "nada",
        "userDefined": false
      }
    ],
    "isTemplate": false,
    "count": 0,
    "lang": "pt-br",
    "updated": 0
  },
  {
    "id": "3d2ae293-7ff4-4f91-a178-70531981acd3",
    "data": [
      {
        "text": "nao",
        "userDefined": false
      }
    ],
    "isTemplate": false,
    "count": 0,
    "lang": "pt-br",
    "updated": 0
  },
  {
    "id": "7828937a-9498-48c1-b938-b56416dedc81",
    "data": [
      {
        "text": "por hoje so isso mesmo",
        "userDefined": false
      }
    ],
    "isTemplate": false,
    "count": 0,
    "lang": "pt-br",
    "updated": 0
  },
  {
    "id": "eaa2d154-2377-4e51-8502-0011c146de01",
    "data": [
      {
        "text": "nao obrigado",
        "userDefined": false
      }
    ],
    "isTemplate": false,
    "count": 0,
    "lang": "pt-br",
    "updated": 0
  },
  {
    "id": "5f51594e-ea61-49b2-b9f8-63189f7f2b7c",
    "data": [
      {
        "text": "so isso",
        "userDefined": false
      }
    ],
    "isTemplate": false,
    "count": 0,
    "lang": "pt-br",
    "updated": 0
  },
  {
    "id": "1b7edf47-de9c-4c09-a00b-bd9bfc6aa84e",
    "data": [
      {
        "text": "por hoje so",
        "userDefined": false
      }
    ],
    "isTemplate": false,
    "count": 0,
    "lang": "pt-br",
    "updated": 0
  }
]