[
  {
    "id": "b0a22e98-20e7-4d7e-b993-91d0fc7b385b",
    "data": [
      {
        "text": "a maquininha chega no meu trabalho ",
        "userDefined": false
      }
    ],
    "isTemplate": false,
    "count": 0,
    "lang": "pt-br",
    "updated": 0
  },
  {
    "id": "c2627a09-6f42-49f6-b376-a3b709200763",
    "data": [
      {
        "text": "quanto tempo demora para entregar",
        "userDefined": false
      }
    ],
    "isTemplate": false,
    "count": 0,
    "lang": "pt-br",
    "updated": 0
  },
  {
    "id": "4138f673-711a-4b29-8b28-1e8f6f606aa4",
    "data": [
      {
        "text": "qual o prazo de entrega",
        "userDefined": false
      }
    ],
    "isTemplate": false,
    "count": 0,
    "lang": "pt-br",
    "updated": 0
  },
  {
    "id": "86332fab-6e15-4ab8-89fe-3b0f35e29d35",
    "data": [
      {
        "text": "a maquininha chega na minha residencia ",
        "userDefined": false
      }
    ],
    "isTemplate": false,
    "count": 0,
    "lang": "pt-br",
    "updated": 0
  },
  {
    "id": "354e243d-d4db-4299-a8c7-1201a2b6df58",
    "data": [
      {
        "text": "a maquininha chega na minha casa ",
        "userDefined": false
      }
    ],
    "isTemplate": false,
    "count": 0,
    "lang": "pt-br",
    "updated": 0
  },
  {
    "id": "46d9f4b4-058e-4c21-98b2-28fee41da70a",
    "data": [
      {
        "text": "receber em casa",
        "userDefined": false
      }
    ],
    "isTemplate": false,
    "count": 0,
    "lang": "pt-br",
    "updated": 0
  },
  {
    "id": "99659ea3-12ed-4b87-8535-2087abc523d2",
    "data": [
      {
        "text": "retirar maquininha",
        "userDefined": false
      }
    ],
    "isTemplate": false,
    "count": 0,
    "lang": "pt-br",
    "updated": 0
  },
  {
    "id": "40ace0fd-2916-4e89-bc00-6384ef2cb418",
    "data": [
      {
        "text": "onde busco a maquininha",
        "userDefined": false
      }
    ],
    "isTemplate": false,
    "count": 0,
    "lang": "pt-br",
    "updated": 0
  },
  {
    "id": "7ed6c2fa-9d32-45da-b890-dba8283855a8",
    "data": [
      {
        "text": "faz entrega",
        "userDefined": false
      }
    ],
    "isTemplate": false,
    "count": 0,
    "lang": "pt-br",
    "updated": 0
  },
  {
    "id": "7731cd19-92dc-4bf1-9df6-7741f81da6e6",
    "data": [
      {
        "text": "entrega em feriado ",
        "userDefined": false
      }
    ],
    "isTemplate": false,
    "count": 0,
    "lang": "pt-br",
    "updated": 0
  },
  {
    "id": "dc643bfd-bb30-4f91-aff3-a570c116ef37",
    "data": [
      {
        "text": "quantos dias uteis",
        "userDefined": false
      }
    ],
    "isTemplate": false,
    "count": 0,
    "lang": "pt-br",
    "updated": 0
  }
]