[
  {
    "id": "e96242d0-c7e4-4880-8525-8ea3ff21b58e",
    "data": [
      {
        "text": "quantas parcelas ",
        "userDefined": false
      }
    ],
    "isTemplate": false,
    "count": 0,
    "lang": "pt-br",
    "updated": 0
  },
  {
    "id": "f8f2d520-9f98-4454-9c87-ed214fe036d3",
    "data": [
      {
        "text": "saber quanto fica",
        "userDefined": false
      }
    ],
    "isTemplate": false,
    "count": 0,
    "lang": "pt-br",
    "updated": 0
  },
  {
    "id": "ddfcc866-9bc3-43e2-90df-4c9e9716c270",
    "data": [
      {
        "text": "qual e o preco",
        "userDefined": false
      }
    ],
    "isTemplate": false,
    "count": 0,
    "lang": "pt-br",
    "updated": 0
  },
  {
    "id": "9decd428-4026-4a34-bb32-51ef9101b0e2",
    "data": [
      {
        "text": "saber o valor do item",
        "userDefined": false
      }
    ],
    "isTemplate": false,
    "count": 0,
    "lang": "pt-br",
    "updated": 0
  },
  {
    "id": "ff065dc2-cc2f-4cfc-84a5-a68d180217ff",
    "data": [
      {
        "text": "quanto ta custando",
        "userDefined": false
      }
    ],
    "isTemplate": false,
    "count": 0,
    "lang": "pt-br",
    "updated": 0
  },
  {
    "id": "0562f5cb-2462-44f0-a617-cdb731aff9b0",
    "data": [
      {
        "text": "quanto custa",
        "userDefined": false
      }
    ],
    "isTemplate": false,
    "count": 0,
    "lang": "pt-br",
    "updated": 0
  },
  {
    "id": "917ec078-4f65-48cf-8f1d-9d8f900accac",
    "data": [
      {
        "text": "cartao de credito",
        "userDefined": false
      }
    ],
    "isTemplate": false,
    "count": 0,
    "lang": "pt-br",
    "updated": 0
  },
  {
    "id": "acf65db5-4b4f-4c81-aba9-0eaaf993cbe6",
    "data": [
      {
        "text": "tem desconto",
        "userDefined": false
      }
    ],
    "isTemplate": false,
    "count": 0,
    "lang": "pt-br",
    "updated": 0
  },
  {
    "id": "afef5158-d065-4a26-9fcf-a41c4f98ab24",
    "data": [
      {
        "text": "parcelar em quantas vezes",
        "userDefined": false
      }
    ],
    "isTemplate": false,
    "count": 0,
    "lang": "pt-br",
    "updated": 0
  },
  {
    "id": "6a0c36a8-fa93-43b2-94a5-969ac1b0abf1",
    "data": [
      {
        "text": "valor de adesao",
        "userDefined": false
      }
    ],
    "isTemplate": false,
    "count": 0,
    "lang": "pt-br",
    "updated": 0
  },
  {
    "id": "ecb0ddcb-76ef-401e-b8e6-c023a70e70a2",
    "data": [
      {
        "text": "saber o preco",
        "userDefined": false
      }
    ],
    "isTemplate": false,
    "count": 0,
    "lang": "pt-br",
    "updated": 0
  },
  {
    "id": "11ac3654-8dae-4f9b-96a0-c8a5edd16d00",
    "data": [
      {
        "text": "adesao",
        "userDefined": false
      }
    ],
    "isTemplate": false,
    "count": 0,
    "lang": "pt-br",
    "updated": 0
  },
  {
    "id": "7a4ff5a5-a432-41f6-bb5c-c148ee27e099",
    "data": [
      {
        "text": "saber qual e o valor",
        "userDefined": false
      }
    ],
    "isTemplate": false,
    "count": 0,
    "lang": "pt-br",
    "updated": 0
  },
  {
    "id": "d5b61684-1f4d-4ad4-b90b-9afa523c2832",
    "data": [
      {
        "text": "valor a vista",
        "userDefined": false
      }
    ],
    "isTemplate": false,
    "count": 0,
    "lang": "pt-br",
    "updated": 0
  },
  {
    "id": "1a60ce22-2959-4eaf-8a67-4886766b17b7",
    "data": [
      {
        "text": "quanto esta custando",
        "userDefined": false
      }
    ],
    "isTemplate": false,
    "count": 0,
    "lang": "pt-br",
    "updated": 0
  }
]